-- MariaDB dump 10.17  Distrib 10.4.14-MariaDB, for Win64 (AMD64)
--
-- Host: localhost    Database: app_viajes
-- ------------------------------------------------------
-- Server version	10.4.14-MariaDB

/*!40101 SET @OLD_CHARACTER_SET_CLIENT=@@CHARACTER_SET_CLIENT */;
/*!40101 SET @OLD_CHARACTER_SET_RESULTS=@@CHARACTER_SET_RESULTS */;
/*!40101 SET @OLD_COLLATION_CONNECTION=@@COLLATION_CONNECTION */;
/*!40101 SET NAMES utf8mb4 */;
/*!40103 SET @OLD_TIME_ZONE=@@TIME_ZONE */;
/*!40103 SET TIME_ZONE='+00:00' */;
/*!40014 SET @OLD_UNIQUE_CHECKS=@@UNIQUE_CHECKS, UNIQUE_CHECKS=0 */;
/*!40014 SET @OLD_FOREIGN_KEY_CHECKS=@@FOREIGN_KEY_CHECKS, FOREIGN_KEY_CHECKS=0 */;
/*!40101 SET @OLD_SQL_MODE=@@SQL_MODE, SQL_MODE='NO_AUTO_VALUE_ON_ZERO' */;
/*!40111 SET @OLD_SQL_NOTES=@@SQL_NOTES, SQL_NOTES=0 */;

--
-- Table structure for table `autorizantes`
--

DROP TABLE IF EXISTS `autorizantes`;
/*!40101 SET @saved_cs_client     = @@character_set_client */;
/*!40101 SET character_set_client = utf8 */;
CREATE TABLE `autorizantes` (
  `id` int(11) NOT NULL AUTO_INCREMENT,
  `id_empresa` int(11) NOT NULL,
  `id_centro_costo` int(11) NOT NULL,
  `nombre` varchar(100) NOT NULL,
  `celular` varchar(30) DEFAULT NULL,
  `email` varchar(50) NOT NULL,
  `horario` varchar(100) DEFAULT NULL,
  `estado` int(11) NOT NULL,
  PRIMARY KEY (`id`)
) ENGINE=InnoDB AUTO_INCREMENT=96 DEFAULT CHARSET=utf8mb4;
/*!40101 SET character_set_client = @saved_cs_client */;

--
-- Dumping data for table `autorizantes`
--

LOCK TABLES `autorizantes` WRITE;
/*!40000 ALTER TABLE `autorizantes` DISABLE KEYS */;
INSERT INTO `autorizantes` VALUES (1,999,999,'Fabian Alejandro','1169356236','fabian_12345@hotmail.com','06 A 18',1),(9,3,5,'Alegre Maria Florencia','','aleflor@gmail.com','',1),(10,3,5,'Giles Juan Manuel','','alegilesj@gmail.com','',1),(11,3,5,'Giles Pablo andres','','alegi@gmail.com','',1),(12,3,5,'Perussetti Zully Elisa','','aleperu@gmail.com','',1),(13,3,5,'Ruggiero Enzo','','aleenz@gmail.com','',1),(14,4,6,'CARNAU MAZZEI SABRINA','','HHH@PORTENIO.COM','',1),(15,4,6,'ESTEVEZ EMILIANO','','C@PORTENIO.COM','',1),(16,4,6,'MASTRANGELO PABLO','','B@PORTENIO.COM','',1),(17,4,6,'MAZZINI	ALEJANDRA','','mazini@PORTENIO.COM','',1),(18,4,6,'PEREDO	ROMAN','','RO@PORTENIO.COM','',1),(19,4,6,'VAZQUEZ PABLO','','FF@PORTENIO.COM','',1),(20,4,6,'YAÑEZ SANTIAGO','','	GG@PORTENIO.COM','',1),(21,5,22,'AIJENBOM VALERIA-RABINATO','','AIJEM@GMAIL.COM','',1),(22,5,9,'AJZENMESSER FERNANDO - ADMINISTRACION-DOC','','FERNANDOAJZENMESSER@GMAIL.COM','',1),(23,5,26,'ALBAJARI VERONICA-SERVICIOS DE EMPLEO','','alaba@PORTENIO.COM','',1),(24,5,8,'ALFIE VIVIANA - ADMINISTRACION-CONTADURIA','','VIVIANAALFIE@GMAIL.COM','',1),(25,5,10,'ALGACE NADIA - ADMINISTRACION-INMUEBLES','','NADIAALGACE@GMAIL.COM','',1),(26,5,27,'AUDAY SALVADOR - SERVICIOS COMUNITARIOS','','SALVADORAUDAY@GMAIL.COM','',1),(27,5,13,'BARANKIEWICZ IGNACIO-COCHERIA','','GTERWE|@PORTENIO.COM','',1),(28,5,28,'CAHANSKY SERGIO - SOCIOS Y DESARROLLO','','caja@PORTENIO.COM','',1),(29,5,13,'CAPLAN PABLO - COCHERIA','','pcaplan@amia.org.ar','',1),(30,5,28,'CHIPRUT ANDREA - SOCIOS Y DESARROLLO','','CHIPRUT@PORTENIO.COM','',1),(31,5,29,'COHEN IMACH ARIEL - VAAD HAJINUJ','','COHEN@PORTENIO.COM','',1),(33,5,18,'COSTANTINI DAMIAN-INFRAESTRUCTUTA','','CONS@GMAIL.COM','',1),(34,5,21,'CROUDO KARINA - PROGRAMAS SOCIALES','','CROUDO@PORTENIO.COM','',1),(35,5,24,'Emanuel Cynthia Florencia-SECRETARIA INSTITUCIONAL','','EMA@GMAIL.COM','',1),(36,5,21,'EPELBAUM ELIANA - PROGRAMAS SOCIALES','','EPELBAUM@PORTENIO.COM','',1),(37,5,18,'FARIAS RAQUEL -INFRAESTRUCTURA','','FAR@GMAIL.COM','',1),(38,5,18,'FELCMAN ADRIAN-INFRAESTRUCTURA','','FEL@GMAIL.COM','',1),(39,5,8,'FINGERET NURIA - ADMINISTRACION-CONTADURIA','','NURIAFINGERET@GMAIL.COM','',1),(40,5,8,'FLORES CLAUDIA - SERVIVIO DE EMPLEO','','FLORES@PORTENIO.COM','',1),(41,5,26,'FRAUMAN ILEANA - SERVIVIO DE EMPLEO','','FRAUMAN@PORTENIO.COM','',1),(42,5,12,'FREUE MIRIAN - ADMINISTRACION- COMPRAS','','mfreue@amia.org.ar','',1),(43,5,21,'FRIDMAN SEBASTIAN - PROGRAMAS SOCIALES','','FRIDMANS@PORTENIO.COM','',1),(44,5,11,'GALAGOVSKY TAMARA - ADMINISTRACION-TESORERIA','','GALAGOVSKY@PORTENIO.COM','',1),(45,5,25,'GLIKIN CLAUDIO - SEGURIDAD','','GLIKIN@PORTENIO.COM','',1),(46,5,11,'GOLDFINGER VERONICA - ADMINISTRACION-TESORERIA','','r@PORTENIO.COM','',1),(47,5,29,'GORENSTEN KARINA-VAAD HAJINUJ','','GOREN@GMAIL.COM','',1),(48,5,10,'GROSMAN YANINA - ADMINISTRACION-Inmuebles','','VVV@PORTENIO.COM','',1),(49,5,27,'GRUBER JACKELINE - SERVICIOS COMUNITARIOS','','SSSSS@PORTENIO.COM','',1),(50,5,24,'Hamra Elías Eliahu Isaac-Secretaria institucional','','hamra@gmail.com','',1),(51,5,27,'HEISEL MARIANA - SERVICIOS COMUNITARIOS','','DN@PORTENIO.COM','',1),(52,5,13,'JAGODA MARCELO - COCHERIA','','mjagoda@amia.org.ar','',1),(53,5,21,'JAIT PAULA - PROGRAMAS SOCIALES','','JAIT@PORTENIO.COM','',1),(55,5,28,'JUNOVICH SANDRA - SOCIOS Y DESARROLLO','','JUNOVICH@PORTENIO.COM','',1),(56,5,17,'KAPSZUK ELIO - ESPACIO DE ARTE','','ELIOKAPSZUK@GMAIL.COM','',1),(57,5,21,'KOHON FANNY - PROGRAMAS SOCIALES','','FANNYKOHON@GMAIL.COM','',1),(58,5,29,'KOROB KARINA - VAAD HAJINUJ','','KOROB@PORTENIO.COM','',1),(59,5,13,'KRAWIEC SILVINA','','skrawiec@amia.org.ar','',1),(60,5,7,'KUKIOLKA TAMARA - ADMINISTRACION-SISTEMA','','TAMARAKUKIOLKA@GMAIL.COM','',1),(61,5,18,'KUPFERMAN MARCELO-INFRAESTRUCTURA','','KUPFERMAN@GMAIL.COM','',1),(62,5,24,'LANIADO ANDREA-SECRETARIA INSTITUCIONAL','','LAN@GMAIL.COM','',1),(63,5,29,'LEWIN SANDRA - VAAD HAJINUJ','','LEWIN@PORTENIO.COM','',1),(64,5,9,'LIBERMAN MARIO - ADMINISTRACION-DOCUMENTOS','','ertoamarcogliese@PORTENIO.COM','',1),(65,5,23,'LLERNOVOY KARINA - RECURSOS HUMANOS','','LLERNOVOYK@PORTENIO.COM','',1),(66,5,21,'LOKAJ DAMIAN - PROGRAMAS SOCIALES','','DAMIANLOKAJ@GMAIL.COM','',1),(67,5,13,'LUKACHER MARTIN - COCHERIA','','LUKACHER@PORTENIO.COM','',1),(68,5,13,'MILINKIEWICZ HERNAN - COCHERIA','','DQA@PORTENIO.COM','',1),(69,5,21,'MIZRAHI XIMENA - PROGRAMAS SOCIALES','','MIZRAHI@PORTENIO.COM','',1),(70,5,7,'MOHADEB SALOMON - ADMINISTRACION-SISTEMA','','SALOMONMOHADEB@GMAIL.COM','',1),(71,5,8,'MOSER MARINA - ADMINISTRACION-CONTADURIA','','MARINAMOSER@GMAIL.COM','',1),(72,5,18,'MOYA FLAVIO-INFRAESTRUCTURA','','MOY@GMAIL.COM','',1),(73,5,21,'NAHUM AYLEN - PROGRAMAS SOCIALES','','NAHUM@PORTENIO.COM','',1),(74,5,29,'PALEY KARINA - VAAD HAJINUJ','','PALEY@PORTENIO.COM','',1),(75,5,29,'PALUCH LILI-VAAD HAJINUJ','','PALUCH@GMAIL.COM','',1),(76,5,18,'PARED RAMON -INFRAESTRUCTURA','','PAR@GMAIL.COM','',1),(77,5,26,'PASARELLI FERNANDO - SERVIVIO DE EMPLEO','','PASARELLI@PORTENIO.COM','',1),(78,5,14,'PIESKE MARCELA - COMUNICACIÓN y PRENSA','','MARCELAPIESKE@GMAIL.COM','',1),(79,5,16,'POMERANTZ DANIEL - DIRECCION EJECUTIVA','','POMERANTZ@PORTENIO.COM','',1),(80,5,8,'POMPAS KAREN - ADMINISTRACION-CONTADURIA','','KARENPOMPAS@GMAIL.COM','',1),(81,5,21,'RACHILEVICH JULIETA - PROGRAMAS SOCIALES','','RACHILEVICH@PORTENIO.COM','',1),(82,5,16,'RONIT BOREN - DIRECCION EJECUTIVA','','RONIT@PORTENIO.COM','',1),(83,5,13,'SABAJ SERGIO','','SSABAJ@AMIA.ORG.AR','',1),(84,5,28,'SALEM MARIANA - SOCIOS Y DESARROLLO','','SALEM@PORTENIO.COM','',1),(85,5,14,'SAMSOLO VANESA - COMUNICACIÓN','','BHGG@PORTENIO.COM','',1),(86,5,14,'SCHERMAN GABRIEL - COMUNICACIÓN','','DDDDDDD@PORTENIO.COM','',1),(87,5,17,'SCHRAIER NADIA - ESPACIO DE ARTE','','SCHRAIER@PORTENIO.COM','',1),(88,5,21,'SCHUSTER BARBARA - PROGRAMAS SOCIALES','','shuster@PORTENIO.COM','',1),(89,5,14,'STARK MATIAS - COMUNICACIÓN','','STARKAMATIAS@GMAIL.COM','',1),(90,5,21,'TABOADA CONSTANZA - PROGRAMAS SOCIALES','','CONSTANZATABOADA@GMAIL.COM','',1),(91,5,21,'VENTURA JULI - PROGRAMAS SOCIALES','','VENTURA@PORTENIO.COM','',1),(92,5,20,'ZALCMAN FLAVIA - JUVENTUD','','ZALCMAN@PORTENIO.COM','',1),(93,5,30,'COHEN MARCOS -VAAD HAKEHILOT','','COHENNAR@GMAIL.COM','',1),(94,5,30,'JATEMLIANSKY TAMARA -VAAD HAKEHILOT','','cogliese@PORTENIO.COM','',1),(95,1,2,'Fabian','1169356236','fabian_12345@hotmail.com','8 a 12',1);
/*!40000 ALTER TABLE `autorizantes` ENABLE KEYS */;
UNLOCK TABLES;

--
-- Table structure for table `centros_costo`
--

DROP TABLE IF EXISTS `centros_costo`;
/*!40101 SET @saved_cs_client     = @@character_set_client */;
/*!40101 SET character_set_client = utf8 */;
CREATE TABLE `centros_costo` (
  `id` int(11) NOT NULL AUTO_INCREMENT,
  `id_empresa` int(4) NOT NULL,
  `id_centro_costo` int(11) NOT NULL,
  `nombre` varchar(50) NOT NULL,
  `direccion` varchar(50) DEFAULT NULL,
  `contacto_centro` varchar(50) NOT NULL,
  `cel` int(15) NOT NULL,
  `observaciones` varchar(250) NOT NULL,
  PRIMARY KEY (`id`)
) ENGINE=InnoDB AUTO_INCREMENT=31 DEFAULT CHARSET=utf8mb4;
/*!40101 SET character_set_client = @saved_cs_client */;

--
-- Dumping data for table `centros_costo`
--

LOCK TABLES `centros_costo` WRITE;
/*!40000 ALTER TABLE `centros_costo` DISABLE KEYS */;
INSERT INTO `centros_costo` VALUES (1,999,999,'Paganini','Carlos Gardel 3296','',0,''),(2,1,1,'Frente','Venezuela 4488','',0,'Casa'),(5,3,3,'ALEGRE EN FLOR','Av. Cordoba 1776','',0,''),(6,4,1,'ALGEIBA S.A.','PARANA 771 1Âº B','',0,''),(7,5,1,'ADMINISTARCION SISTEMAS','Pasteur 633','',0,''),(8,5,2,'ADMINISTRACION CONTADURIA','Pasteur 633','',0,''),(9,5,3,'ADMINISTRACION DOCUMENTOS','Pasteur 633','',0,''),(10,5,4,'ADMINISTRACION INMUEBLES','Pasteur 633','',0,''),(11,5,5,'ADMINISTRACION TESORERIA','Pasteur 633','',0,''),(12,5,6,'ADMINNISTRACION COMPRAS','Pasteur 633','',0,''),(13,5,7,'COCHERIA','Pasteur 735','',0,''),(14,5,8,'COMUNICACIONES','PASTEUR 735','',0,''),(15,5,9,'CULTURA','PASTEUR 735','',0,''),(16,5,10,'DIRECCION EJECUTIVA','PASTEUR 735','',0,''),(17,5,11,'ESPACIO DE ARTE','PASTEUR 735','',0,''),(18,5,12,'INFRAESTRUCTURA','Pasteur 633','',0,''),(19,5,13,'JUBILADOS','URIBURU 650','',0,''),(20,5,14,'JUVENTUD','PASTEUR 735','',0,''),(21,5,15,'PROGRAMA SOCIALES','PASTEUR 735','',0,''),(22,5,16,'RABINATO','PASTEUR 735','',0,''),(23,5,17,'RECURSOS HUMANOS','PASTEUR 675','',0,''),(24,5,18,'SECRETARIA INSTITUCIONAL','PASTEUR 735','',0,''),(25,5,19,'SEGURIDAD','PASTEUR 735','',0,''),(26,5,20,'SERVICIO DE EMPLEO','PASTEUR 735','',0,''),(27,5,21,'SERVICIOS COMUNITARIOS','PASTEUR 735','',0,''),(28,5,22,'	SOCIOS Y DESARROLLO','PASTEUR 735','',0,''),(29,5,23,'VAAD HAJINUJ','PASTEUR 735','',0,''),(30,5,24,'	VAAD HAKEHILOT','Pasteur 633','',0,'');
/*!40000 ALTER TABLE `centros_costo` ENABLE KEYS */;
UNLOCK TABLES;

--
-- Table structure for table `choferes`
--

DROP TABLE IF EXISTS `choferes`;
/*!40101 SET @saved_cs_client     = @@character_set_client */;
/*!40101 SET character_set_client = utf8 */;
CREATE TABLE `choferes` (
  `id` int(11) NOT NULL AUTO_INCREMENT,
  `nombre` varchar(100) NOT NULL,
  `apellido` varchar(100) NOT NULL,
  `cel` int(10) NOT NULL,
  `dir` varchar(30) NOT NULL,
  `barrio` varchar(20) NOT NULL,
  `cp` int(4) NOT NULL,
  `movil` int(11) DEFAULT NULL,
  `user_id` int(11) NOT NULL,
  `user` int(8) NOT NULL,
  `clave` int(4) NOT NULL,
  PRIMARY KEY (`id`),
  UNIQUE KEY `movil` (`movil`)
) ENGINE=InnoDB AUTO_INCREMENT=12 DEFAULT CHARSET=utf8mb4;
/*!40101 SET character_set_client = @saved_cs_client */;

--
-- Dumping data for table `choferes`
--

LOCK TABLES `choferes` WRITE;
/*!40000 ALTER TABLE `choferes` DISABLE KEYS */;
INSERT INTO `choferes` VALUES (2,'FABAN','NOGUEROLES',1169356236,'Carlos Gardel 3296','V. Libertad',1650,3,0,14952694,145152),(4,'Cachorro','Lopez',1145895689,'Av Ricardo Balbin 2589','Saavedra',1250,3025,0,11111111,1111),(5,'Carlos','Piragine',1125896589,'Corrientes 458','Flores',1444,327,0,22222222,2222),(6,'Facundo','Cabral',1234,'la copa 200','al gineta',1112,3033,0,33333333,3333),(7,'Albert','Einstein',1145796532,'Laprida 4490','Martelli',1603,3031,0,44444444,4444),(9,'San ','Martin',1156238956,'cementerio 1236','recoleta',1000,3032,0,55555555,5555),(10,'Carlos ','Gaboto',2147483647,'CAMARONES 2550','fLORES',15620,3125,0,66666666,6666),(11,'Groucho','Marx',1158963256,'Niceto Vega 1500','PAlermo Holliwood',1258,3027,0,77777777,7777);
/*!40000 ALTER TABLE `choferes` ENABLE KEYS */;
UNLOCK TABLES;

--
-- Table structure for table `cuenta_empresa`
--

DROP TABLE IF EXISTS `cuenta_empresa`;
/*!40101 SET @saved_cs_client     = @@character_set_client */;
/*!40101 SET character_set_client = utf8 */;
CREATE TABLE `cuenta_empresa` (
  `id` int(4) NOT NULL AUTO_INCREMENT,
  `id_empresa` int(4) NOT NULL,
  `razon_social` varchar(50) NOT NULL,
  `dir` varchar(50) NOT NULL,
  `cuit` varchar(20) DEFAULT NULL,
  `inc_brutos` varchar(20) DEFAULT NULL,
  `contacto_1` varchar(50) DEFAULT NULL,
  `cel_1` int(10) DEFAULT NULL,
  `observaciones` int(4) NOT NULL,
  PRIMARY KEY (`id`)
) ENGINE=InnoDB AUTO_INCREMENT=6 DEFAULT CHARSET=utf8mb4;
/*!40101 SET character_set_client = @saved_cs_client */;

--
-- Dumping data for table `cuenta_empresa`
--

LOCK TABLES `cuenta_empresa` WRITE;
/*!40000 ALTER TABLE `cuenta_empresa` DISABLE KEYS */;
INSERT INTO `cuenta_empresa` VALUES (1,999,'MyF','Carlos Gardel 3296','30-14952694-7','30-14952694-7','Fabian',1169356236,0),(3,14,'ALEGRE EN FLOR','FELIPE VALLESE 501-CABA','27920804867','27920804867',NULL,NULL,0),(4,5032,'ALGEIBA S.A.','PARANA 771 1Âº B','20129904187',NULL,NULL,NULL,0),(5,17,'AMIA','Pasteur 633','33333334532',NULL,NULL,NULL,0);
/*!40000 ALTER TABLE `cuenta_empresa` ENABLE KEYS */;
UNLOCK TABLES;

--
-- Table structure for table `pasajeros_cc`
--

DROP TABLE IF EXISTS `pasajeros_cc`;
/*!40101 SET @saved_cs_client     = @@character_set_client */;
/*!40101 SET character_set_client = utf8 */;
CREATE TABLE `pasajeros_cc` (
  `id` int(11) NOT NULL AUTO_INCREMENT,
  `id_empresa` int(11) NOT NULL,
  `id_cc` int(11) NOT NULL,
  `nombre` varchar(100) NOT NULL,
  `celular` varchar(30) DEFAULT NULL,
  `email` varchar(50) NOT NULL,
  `horario` varchar(100) DEFAULT NULL,
  PRIMARY KEY (`id`)
) ENGINE=InnoDB DEFAULT CHARSET=utf8mb4;
/*!40101 SET character_set_client = @saved_cs_client */;

--
-- Dumping data for table `pasajeros_cc`
--

LOCK TABLES `pasajeros_cc` WRITE;
/*!40000 ALTER TABLE `pasajeros_cc` DISABLE KEYS */;
/*!40000 ALTER TABLE `pasajeros_cc` ENABLE KEYS */;
UNLOCK TABLES;

--
-- Table structure for table `ubicaciones`
--

DROP TABLE IF EXISTS `ubicaciones`;
/*!40101 SET @saved_cs_client     = @@character_set_client */;
/*!40101 SET character_set_client = utf8 */;
CREATE TABLE `ubicaciones` (
  `id` int(11) NOT NULL AUTO_INCREMENT,
  `lat` decimal(10,7) DEFAULT NULL,
  `lng` decimal(10,7) DEFAULT NULL,
  `user_id` varchar(50) DEFAULT NULL,
  `device_id` varchar(30) DEFAULT NULL,
  `fecha` timestamp NOT NULL DEFAULT current_timestamp(),
  `status` varchar(30) NOT NULL,
  PRIMARY KEY (`id`)
) ENGINE=InnoDB AUTO_INCREMENT=620 DEFAULT CHARSET=utf8mb4;
/*!40101 SET character_set_client = @saved_cs_client */;

--
-- Dumping data for table `ubicaciones`
--

LOCK TABLES `ubicaciones` WRITE;
/*!40000 ALTER TABLE `ubicaciones` DISABLE KEYS */;
INSERT INTO `ubicaciones` VALUES (111,-34.5796183,-58.5644581,'2','activo','2026-07-01 21:52:37',''),(112,-34.5796183,-58.5644581,'2','inactivo','2026-07-01 21:52:38',''),(113,-34.5796267,-58.5644712,'3025','activo','2026-07-01 21:53:07',''),(114,-34.5796267,-58.5644712,'3025','activo','2026-07-01 21:53:11',''),(115,-34.5795924,-58.5644656,'3025','inactivo','2026-07-01 21:53:14',''),(116,-34.5796133,-58.5645006,'3025','activo','2026-07-01 21:53:28',''),(117,-34.5796133,-58.5645006,'3025','activo','2026-07-01 21:53:32',''),(118,-34.5857717,-58.5714900,'3025','activo','2026-07-01 22:01:25',''),(119,-34.5857717,-58.5714900,'3025','activo','2026-07-01 22:01:25',''),(120,-34.5857717,-58.5714900,'3025','activo','2026-07-01 22:01:25',''),(121,-34.5857717,-58.5714900,'3025','activo','2026-07-01 22:01:25',''),(122,-34.5857717,-58.5714900,'3025','activo','2026-07-01 22:01:25',''),(123,-34.5857717,-58.5714900,'3025','activo','2026-07-01 22:01:25',''),(124,-34.5857717,-58.5714900,'3025','activo','2026-07-01 22:01:25',''),(125,-34.5857717,-58.5714900,'3025','activo','2026-07-01 22:01:25',''),(126,-34.5857717,-58.5714900,'3025','activo','2026-07-01 22:01:25',''),(127,-34.5857717,-58.5714900,'3025','activo','2026-07-01 22:01:25',''),(128,-34.5857717,-58.5714900,'3025','activo','2026-07-01 22:01:25',''),(129,-34.5857717,-58.5714900,'3025','activo','2026-07-01 22:01:25',''),(130,-34.5857717,-58.5714900,'3025','activo','2026-07-01 22:01:25',''),(131,-34.5857717,-58.5714900,'3025','activo','2026-07-01 22:01:25',''),(132,-34.5857717,-58.5714900,'3025','activo','2026-07-01 22:01:26',''),(133,-34.5857717,-58.5714900,'3025','activo','2026-07-01 22:01:26',''),(134,-34.5857717,-58.5714900,'3025','activo','2026-07-01 22:01:26',''),(135,-34.5857717,-58.5714900,'3025','activo','2026-07-01 22:01:26',''),(136,-34.5857717,-58.5714900,'3025','activo','2026-07-01 22:01:26',''),(137,-34.5857717,-58.5714900,'3025','activo','2026-07-01 22:01:26',''),(138,-34.5857717,-58.5714900,'3025','activo','2026-07-01 22:01:26',''),(139,-34.5857717,-58.5714900,'3025','activo','2026-07-01 22:01:26',''),(140,-34.5857717,-58.5714900,'3025','activo','2026-07-01 22:01:26',''),(141,-34.5857717,-58.5714900,'3025','activo','2026-07-01 22:01:26',''),(142,-34.5857717,-58.5714900,'3025','activo','2026-07-01 22:01:26',''),(143,-34.5857717,-58.5714900,'3025','activo','2026-07-01 22:01:26',''),(144,-34.5857717,-58.5714900,'3025','activo','2026-07-01 22:01:26',''),(145,-34.5857717,-58.5714900,'3025','activo','2026-07-01 22:01:26',''),(146,-34.5857717,-58.5714900,'3025','activo','2026-07-01 22:01:26',''),(147,-34.5857717,-58.5714900,'3025','activo','2026-07-01 22:01:26',''),(148,-34.5857717,-58.5714900,'3025','activo','2026-07-01 22:01:26',''),(149,-34.5857717,-58.5714900,'3025','activo','2026-07-01 22:01:26',''),(150,-34.5857717,-58.5714900,'3025','activo','2026-07-01 22:01:26',''),(151,-34.5857717,-58.5714900,'3025','activo','2026-07-01 22:01:26',''),(152,-34.5857717,-58.5714900,'3025','activo','2026-07-01 22:01:26',''),(153,-34.5857717,-58.5714900,'3025','activo','2026-07-01 22:01:26',''),(154,-34.5857717,-58.5714900,'3025','activo','2026-07-01 22:01:26',''),(155,-34.5892805,-58.5722328,'3025','activo','2026-07-01 22:01:27',''),(156,-34.5892805,-58.5722328,'3025','activo','2026-07-01 22:01:32',''),(157,-34.5771100,-58.5745467,'3025','activo','2026-07-01 23:06:38',''),(158,-34.5771100,-58.5745467,'3025','activo','2026-07-01 23:06:38',''),(159,-34.5771100,-58.5745467,'3025','activo','2026-07-01 23:06:38',''),(160,-34.5771100,-58.5745467,'3025','activo','2026-07-01 23:06:38',''),(161,-34.5771100,-58.5745467,'3025','activo','2026-07-01 23:06:38',''),(162,-34.5771100,-58.5745467,'3025','activo','2026-07-01 23:06:39',''),(163,-34.5771100,-58.5745467,'3025','activo','2026-07-01 23:06:39',''),(164,-34.5771100,-58.5745467,'3025','activo','2026-07-01 23:06:39',''),(165,-34.5771100,-58.5745467,'3025','activo','2026-07-01 23:06:39',''),(166,-34.5771100,-58.5745467,'3025','activo','2026-07-01 23:06:39',''),(167,-34.5771100,-58.5745467,'3025','activo','2026-07-01 23:06:39',''),(168,-34.5771100,-58.5745467,'3025','activo','2026-07-01 23:06:39',''),(169,-34.5771100,-58.5745467,'3025','activo','2026-07-01 23:06:39',''),(170,-34.5771100,-58.5745467,'3025','activo','2026-07-01 23:06:39',''),(171,-34.5771100,-58.5745467,'3025','activo','2026-07-01 23:06:40',''),(172,-34.5771100,-58.5745467,'3025','activo','2026-07-01 23:06:42',''),(173,-34.5771100,-58.5745467,'3025','activo','2026-07-01 23:06:42',''),(174,-34.5771100,-58.5745467,'3025','activo','2026-07-01 23:06:42',''),(175,-34.5771100,-58.5745467,'3025','activo','2026-07-01 23:06:42',''),(176,-34.5771100,-58.5745467,'3025','activo','2026-07-01 23:06:42',''),(177,-34.5771100,-58.5745467,'3025','activo','2026-07-01 23:06:42',''),(178,-34.5771100,-58.5745467,'3025','activo','2026-07-01 23:06:42',''),(179,-34.5771100,-58.5745467,'3025','activo','2026-07-01 23:06:42',''),(180,-34.5771100,-58.5745467,'3025','activo','2026-07-01 23:06:42',''),(181,-34.5771100,-58.5745467,'3025','activo','2026-07-01 23:06:42',''),(182,-34.5771100,-58.5745467,'3025','activo','2026-07-01 23:06:42',''),(183,-34.5771100,-58.5745467,'3025','activo','2026-07-01 23:06:42',''),(184,-34.5771100,-58.5745467,'3025','activo','2026-07-01 23:06:42',''),(185,-34.5771100,-58.5745467,'3025','activo','2026-07-01 23:06:42',''),(186,-34.5771100,-58.5745467,'3025','activo','2026-07-01 23:06:42',''),(187,-34.5771100,-58.5745467,'3025','activo','2026-07-01 23:06:42',''),(188,-34.5771100,-58.5745467,'3025','activo','2026-07-01 23:06:42',''),(189,-34.5771100,-58.5745467,'3025','activo','2026-07-01 23:06:42',''),(190,-34.5771100,-58.5745467,'3025','activo','2026-07-01 23:06:42',''),(191,-34.5771100,-58.5745467,'3025','activo','2026-07-01 23:06:42',''),(192,-34.5771100,-58.5745467,'3025','activo','2026-07-01 23:06:42',''),(193,-34.5771100,-58.5745467,'3025','activo','2026-07-01 23:06:42',''),(194,-34.5771100,-58.5745467,'3025','activo','2026-07-01 23:06:42',''),(195,-34.5771100,-58.5745467,'3025','activo','2026-07-01 23:06:42',''),(196,-34.5771100,-58.5745467,'3025','activo','2026-07-01 23:06:42',''),(197,-34.5771100,-58.5745467,'3025','activo','2026-07-01 23:06:42',''),(198,-34.5771100,-58.5745467,'3025','activo','2026-07-01 23:06:42',''),(199,-34.5771100,-58.5745467,'3025','activo','2026-07-01 23:06:42',''),(200,-34.5771100,-58.5745467,'3025','activo','2026-07-01 23:06:42',''),(201,-34.5771100,-58.5745467,'3025','activo','2026-07-01 23:06:42',''),(202,-34.5771100,-58.5745467,'3025','activo','2026-07-01 23:06:42',''),(203,-34.5771100,-58.5745467,'3025','activo','2026-07-01 23:06:42',''),(204,-34.5771100,-58.5745467,'3025','activo','2026-07-01 23:06:42',''),(205,-34.5771100,-58.5745467,'3025','activo','2026-07-01 23:06:42',''),(206,-34.5771100,-58.5745467,'3025','activo','2026-07-01 23:06:42',''),(207,-34.5771133,-58.5746167,'3025','inactivo','2026-07-01 23:06:42',''),(208,-34.5771100,-58.5745467,'3025','activo','2026-07-01 23:06:42',''),(209,-34.5771100,-58.5745467,'3025','activo','2026-07-01 23:06:42',''),(210,-34.5771100,-58.5745467,'3025','activo','2026-07-01 23:06:42',''),(211,-34.5771100,-58.5745467,'3025','activo','2026-07-01 23:06:42',''),(212,-34.5771100,-58.5745467,'3025','activo','2026-07-01 23:06:42',''),(213,-34.5771100,-58.5745467,'3025','activo','2026-07-01 23:06:42',''),(214,-34.5771100,-58.5745467,'3025','activo','2026-07-01 23:06:42',''),(215,-34.5771100,-58.5745467,'3025','activo','2026-07-01 23:06:42',''),(216,-34.5771100,-58.5745467,'3025','activo','2026-07-01 23:06:42',''),(217,-34.5771100,-58.5745467,'3025','activo','2026-07-01 23:06:42',''),(218,-34.5771100,-58.5745467,'3025','activo','2026-07-01 23:06:42',''),(219,-34.5771100,-58.5745467,'3025','activo','2026-07-01 23:06:42',''),(220,-34.5771100,-58.5745467,'3025','activo','2026-07-01 23:06:42',''),(221,-34.5771100,-58.5745467,'3025','activo','2026-07-01 23:06:42',''),(222,-34.5771100,-58.5745467,'3025','activo','2026-07-01 23:06:42',''),(223,-34.5771100,-58.5745467,'3025','activo','2026-07-01 23:06:42',''),(224,-34.5771100,-58.5745467,'3025','activo','2026-07-01 23:06:42',''),(225,-34.5771100,-58.5745467,'3025','activo','2026-07-01 23:06:42',''),(226,-34.5771100,-58.5745467,'3025','activo','2026-07-01 23:06:42',''),(227,-34.5771100,-58.5745467,'3025','activo','2026-07-01 23:06:42',''),(228,-34.5771100,-58.5745467,'3025','activo','2026-07-01 23:06:42',''),(229,-34.5771100,-58.5745467,'3025','activo','2026-07-01 23:06:42',''),(230,-34.5771100,-58.5745467,'3025','activo','2026-07-01 23:06:42',''),(231,-34.5771100,-58.5745467,'3025','activo','2026-07-01 23:06:42',''),(232,-34.5771100,-58.5745467,'3025','activo','2026-07-01 23:06:42',''),(233,-34.5771100,-58.5745467,'3025','activo','2026-07-01 23:06:42',''),(234,-34.5771100,-58.5745467,'3025','activo','2026-07-01 23:06:42',''),(235,-34.5771100,-58.5745467,'3025','activo','2026-07-01 23:06:42',''),(236,-34.5771100,-58.5745467,'3025','activo','2026-07-01 23:06:42',''),(237,-34.5771100,-58.5745467,'3025','activo','2026-07-01 23:06:42',''),(238,-34.5771100,-58.5745467,'3025','activo','2026-07-01 23:06:42',''),(239,-34.5771100,-58.5745467,'3025','activo','2026-07-01 23:06:42',''),(240,-34.5771100,-58.5745467,'3025','activo','2026-07-01 23:06:42',''),(241,-34.5771100,-58.5745467,'3025','activo','2026-07-01 23:06:42',''),(242,-34.5771100,-58.5745467,'3025','activo','2026-07-01 23:06:42',''),(243,-34.5771100,-58.5745467,'3025','activo','2026-07-01 23:06:42',''),(244,-34.5771100,-58.5745467,'3025','activo','2026-07-01 23:06:42',''),(245,-34.5771100,-58.5745467,'3025','activo','2026-07-01 23:06:42',''),(246,-34.5771100,-58.5745467,'3025','activo','2026-07-01 23:06:42',''),(247,-34.5771100,-58.5745467,'3025','activo','2026-07-01 23:06:42',''),(248,-34.5771100,-58.5745467,'3025','activo','2026-07-01 23:06:42',''),(249,-34.5771100,-58.5745467,'3025','activo','2026-07-01 23:06:42',''),(250,-34.5771100,-58.5745467,'3025','activo','2026-07-01 23:06:42',''),(251,-34.5771100,-58.5745467,'3025','activo','2026-07-01 23:06:42',''),(252,-34.5771100,-58.5745467,'3025','activo','2026-07-01 23:06:42',''),(253,-34.5771100,-58.5745467,'3025','activo','2026-07-01 23:06:42',''),(254,-34.5771100,-58.5745467,'3025','activo','2026-07-01 23:06:42',''),(255,-34.5771100,-58.5745467,'3025','activo','2026-07-01 23:06:42',''),(256,-34.5771100,-58.5745467,'3025','activo','2026-07-01 23:06:42',''),(257,-34.5771100,-58.5745467,'3025','activo','2026-07-01 23:06:42',''),(258,-34.5771100,-58.5745467,'3025','activo','2026-07-01 23:06:42',''),(259,-34.5771100,-58.5745467,'3025','activo','2026-07-01 23:06:42',''),(260,-34.5771100,-58.5745467,'3025','activo','2026-07-01 23:06:42',''),(261,-34.5771100,-58.5745467,'3025','activo','2026-07-01 23:06:42',''),(262,-34.5771100,-58.5745467,'3025','activo','2026-07-01 23:06:42',''),(263,-34.5771133,-58.5746167,'3025','activo','2026-07-01 23:06:42',''),(264,-34.5771100,-58.5745467,'3025','activo','2026-07-01 23:06:42',''),(265,-34.5771100,-58.5745467,'3025','activo','2026-07-01 23:06:42',''),(266,-34.5771100,-58.5745467,'3025','activo','2026-07-01 23:06:42',''),(267,-34.5771100,-58.5745467,'3025','activo','2026-07-01 23:06:42',''),(268,-34.5771100,-58.5745467,'3025','activo','2026-07-01 23:06:42',''),(269,-34.5771100,-58.5745467,'3025','activo','2026-07-01 23:06:42',''),(270,-34.5771100,-58.5745467,'3025','activo','2026-07-01 23:06:42',''),(271,-34.5771100,-58.5745467,'3025','activo','2026-07-01 23:06:42',''),(272,-34.5771100,-58.5745467,'3025','activo','2026-07-01 23:06:42',''),(273,-34.5771100,-58.5745467,'3025','activo','2026-07-01 23:06:42',''),(274,-34.5771100,-58.5745467,'3025','activo','2026-07-01 23:06:42',''),(275,-34.5771100,-58.5745467,'3025','activo','2026-07-01 23:06:42',''),(276,-34.5771100,-58.5745467,'3025','activo','2026-07-01 23:06:42',''),(277,-34.5771100,-58.5745467,'3025','activo','2026-07-01 23:06:42',''),(278,-34.5771100,-58.5745467,'3025','activo','2026-07-01 23:06:42',''),(279,-34.5771100,-58.5745467,'3025','activo','2026-07-01 23:06:42',''),(280,-34.5771100,-58.5745467,'3025','activo','2026-07-01 23:06:42',''),(281,-34.5771100,-58.5745467,'3025','activo','2026-07-01 23:06:42',''),(282,-34.5771100,-58.5745467,'3025','activo','2026-07-01 23:06:42',''),(283,-34.5771100,-58.5745467,'3025','activo','2026-07-01 23:06:42',''),(284,-34.5771100,-58.5745467,'3025','activo','2026-07-01 23:06:42',''),(285,-34.5771100,-58.5745467,'3025','activo','2026-07-01 23:06:42',''),(286,-34.5771100,-58.5745467,'3025','activo','2026-07-01 23:06:42',''),(287,-34.5771100,-58.5745467,'3025','activo','2026-07-01 23:06:42',''),(288,-34.5771100,-58.5745467,'3025','activo','2026-07-01 23:06:42',''),(289,-34.5771100,-58.5745467,'3025','activo','2026-07-01 23:06:42',''),(290,-34.5771100,-58.5745467,'3025','activo','2026-07-01 23:06:43',''),(291,-34.5771100,-58.5745467,'3025','activo','2026-07-01 23:06:43',''),(292,-34.5771100,-58.5745467,'3025','activo','2026-07-01 23:06:43',''),(293,-34.5771100,-58.5745467,'3025','activo','2026-07-01 23:06:43',''),(294,-34.5771100,-58.5745467,'3025','activo','2026-07-01 23:06:43',''),(295,-34.5771100,-58.5745467,'3025','activo','2026-07-01 23:06:43',''),(296,-34.5771100,-58.5745467,'3025','activo','2026-07-01 23:06:43',''),(297,-34.5771100,-58.5745467,'3025','activo','2026-07-01 23:06:43',''),(298,-34.5771100,-58.5745467,'3025','activo','2026-07-01 23:06:43',''),(299,-34.5771100,-58.5745467,'3025','activo','2026-07-01 23:06:43',''),(300,-34.5771100,-58.5745467,'3025','activo','2026-07-01 23:06:43',''),(301,-34.5771100,-58.5745467,'3025','activo','2026-07-01 23:06:43',''),(302,-34.5771100,-58.5745467,'3025','activo','2026-07-01 23:06:43',''),(303,-34.5771100,-58.5745467,'3025','activo','2026-07-01 23:06:43',''),(304,-34.5771100,-58.5745467,'3025','activo','2026-07-01 23:06:43',''),(305,-34.5771100,-58.5745467,'3025','activo','2026-07-01 23:06:43',''),(306,-34.5771100,-58.5745467,'3025','activo','2026-07-01 23:06:43',''),(307,-34.5771100,-58.5745467,'3025','activo','2026-07-01 23:06:43',''),(308,-34.5771100,-58.5745467,'3025','activo','2026-07-01 23:06:43',''),(309,-34.5771100,-58.5745467,'3025','activo','2026-07-01 23:06:43',''),(310,-34.5771100,-58.5745467,'3025','activo','2026-07-01 23:06:43',''),(311,-34.5771100,-58.5745467,'3025','activo','2026-07-01 23:06:43',''),(312,-34.5771100,-58.5745467,'3025','activo','2026-07-01 23:06:43',''),(313,-34.5771100,-58.5745467,'3025','activo','2026-07-01 23:06:43',''),(314,-34.5771100,-58.5745467,'3025','activo','2026-07-01 23:06:43',''),(315,-34.5771100,-58.5745467,'3025','activo','2026-07-01 23:06:43',''),(316,-34.5771100,-58.5745467,'3025','activo','2026-07-01 23:06:43',''),(317,-34.5771100,-58.5745467,'3025','activo','2026-07-01 23:06:43',''),(318,-34.5771100,-58.5745467,'3025','activo','2026-07-01 23:06:43',''),(319,-34.5771100,-58.5745467,'3025','activo','2026-07-01 23:06:43',''),(320,-34.5771100,-58.5745467,'3025','activo','2026-07-01 23:06:43',''),(321,-34.5771100,-58.5745467,'3025','activo','2026-07-01 23:06:43',''),(322,-34.5771100,-58.5745467,'3025','activo','2026-07-01 23:06:43',''),(323,-34.5771100,-58.5745467,'3025','activo','2026-07-01 23:06:44',''),(324,-34.5771100,-58.5745467,'3025','activo','2026-07-01 23:06:44',''),(325,-34.5771100,-58.5745467,'3025','activo','2026-07-01 23:06:44',''),(326,-34.5771100,-58.5745467,'3025','activo','2026-07-01 23:06:44',''),(327,-34.5771100,-58.5745467,'3025','activo','2026-07-01 23:06:44',''),(328,-34.5771100,-58.5745467,'3025','activo','2026-07-01 23:06:44',''),(329,-34.5771100,-58.5745467,'3025','activo','2026-07-01 23:06:44',''),(330,-34.5771100,-58.5745467,'3025','activo','2026-07-01 23:06:44',''),(331,-34.5771100,-58.5745467,'3025','activo','2026-07-01 23:06:44',''),(332,-34.5771100,-58.5745467,'3025','activo','2026-07-01 23:06:44',''),(333,-34.5771100,-58.5745467,'3025','activo','2026-07-01 23:06:44',''),(334,-34.5771100,-58.5745467,'3025','activo','2026-07-01 23:06:44',''),(335,-34.5771100,-58.5745467,'3025','activo','2026-07-01 23:06:44',''),(336,-34.5771100,-58.5745467,'3025','activo','2026-07-01 23:06:44',''),(337,-34.5771100,-58.5745467,'3025','activo','2026-07-01 23:06:44',''),(338,-34.5771100,-58.5745467,'3025','activo','2026-07-01 23:06:44',''),(339,-34.5771100,-58.5745467,'3025','activo','2026-07-01 23:06:44',''),(340,-34.5771100,-58.5745467,'3025','activo','2026-07-01 23:06:44',''),(341,-34.5771100,-58.5745467,'3025','activo','2026-07-01 23:06:44',''),(342,-34.5771100,-58.5745467,'3025','activo','2026-07-01 23:06:44',''),(343,-34.5771100,-58.5745467,'3025','activo','2026-07-01 23:06:44',''),(344,-34.5771100,-58.5745467,'3025','activo','2026-07-01 23:06:44',''),(345,-34.5771100,-58.5745467,'3025','activo','2026-07-01 23:06:45',''),(346,-34.5771100,-58.5745467,'3025','activo','2026-07-01 23:06:45',''),(347,-34.5771100,-58.5745467,'3025','activo','2026-07-01 23:06:45',''),(348,-34.5771100,-58.5745467,'3025','activo','2026-07-01 23:06:45',''),(349,-34.5771100,-58.5745467,'3025','activo','2026-07-01 23:06:45',''),(350,-34.5771100,-58.5745467,'3025','activo','2026-07-01 23:06:45',''),(351,-34.5771100,-58.5745467,'3025','activo','2026-07-01 23:06:45',''),(352,-34.5771100,-58.5745467,'3025','activo','2026-07-01 23:06:45',''),(353,-34.5771100,-58.5745467,'3025','activo','2026-07-01 23:06:45',''),(354,-34.5771100,-58.5745467,'3025','activo','2026-07-01 23:06:45',''),(355,-34.5771100,-58.5745467,'3025','activo','2026-07-01 23:06:45',''),(356,-34.5771100,-58.5745467,'3025','activo','2026-07-01 23:06:45',''),(357,-34.5771100,-58.5745467,'3025','activo','2026-07-01 23:06:45',''),(358,-34.5771100,-58.5745467,'3025','activo','2026-07-01 23:06:45',''),(359,-34.5771100,-58.5745467,'3025','activo','2026-07-01 23:06:45',''),(360,-34.5771100,-58.5745467,'3025','activo','2026-07-01 23:06:45',''),(361,-34.5771100,-58.5745467,'3025','activo','2026-07-01 23:06:45',''),(362,-34.5771100,-58.5745467,'3025','activo','2026-07-01 23:06:45',''),(363,-34.5771100,-58.5745467,'3025','activo','2026-07-01 23:06:45',''),(364,-34.5771100,-58.5745467,'3025','activo','2026-07-01 23:06:45',''),(365,-34.5771100,-58.5745467,'3025','activo','2026-07-01 23:06:45',''),(366,-34.5771100,-58.5745467,'3025','activo','2026-07-01 23:06:45',''),(367,-34.5771100,-58.5745467,'3025','activo','2026-07-01 23:06:45',''),(368,-34.5771100,-58.5745467,'3025','activo','2026-07-01 23:06:45',''),(369,-34.5771100,-58.5745467,'3025','activo','2026-07-01 23:06:45',''),(370,-34.5771100,-58.5745467,'3025','activo','2026-07-01 23:06:45',''),(371,-34.5771100,-58.5745467,'3025','activo','2026-07-01 23:06:45',''),(372,-34.5771100,-58.5745467,'3025','activo','2026-07-01 23:06:45',''),(373,-34.5771100,-58.5745467,'3025','activo','2026-07-01 23:06:45',''),(374,-34.5771100,-58.5745467,'3025','activo','2026-07-01 23:06:45',''),(375,-34.5771100,-58.5745467,'3025','activo','2026-07-01 23:06:45',''),(376,-34.5771100,-58.5745467,'3025','activo','2026-07-01 23:06:45',''),(377,-34.5771100,-58.5745467,'3025','activo','2026-07-01 23:06:45',''),(378,-34.5771100,-58.5745467,'3025','activo','2026-07-01 23:06:45',''),(379,-34.5771100,-58.5745467,'3025','activo','2026-07-01 23:06:45',''),(380,-34.5771100,-58.5745467,'3025','activo','2026-07-01 23:06:45',''),(381,-34.5771100,-58.5745467,'3025','activo','2026-07-01 23:06:45',''),(382,-34.5771100,-58.5745467,'3025','activo','2026-07-01 23:06:45',''),(383,-34.5771100,-58.5745467,'3025','activo','2026-07-01 23:06:45',''),(384,-34.5771100,-58.5745467,'3025','activo','2026-07-01 23:06:45',''),(385,-34.5771100,-58.5745467,'3025','activo','2026-07-01 23:06:45',''),(386,-34.5771100,-58.5745467,'3025','activo','2026-07-01 23:06:45',''),(387,-34.5771100,-58.5745467,'3025','activo','2026-07-01 23:06:46',''),(388,-34.5771100,-58.5745467,'3025','activo','2026-07-01 23:06:46',''),(389,-34.5771100,-58.5745467,'3025','activo','2026-07-01 23:06:46',''),(390,-34.5771100,-58.5745467,'3025','activo','2026-07-01 23:06:46',''),(391,-34.5771483,-58.5745317,'3025','activo','2026-07-01 23:06:50',''),(392,-34.5769517,-58.5737370,'3025','activo','2026-07-01 23:07:50',''),(393,-34.5769300,-58.5744533,'3025','activo','2026-07-01 23:07:51',''),(394,-34.5769217,-58.5744550,'3025','activo','2026-07-01 23:07:53',''),(395,-34.5772513,-58.5732672,'3025','activo','2026-07-01 23:07:57',''),(396,-34.5772513,-58.5732672,'3025','activo','2026-07-01 23:08:01',''),(397,-34.5772567,-58.5732567,'3025','activo','2026-07-01 23:08:20',''),(398,-34.5779433,-58.5723683,'3025','activo','2026-07-01 23:08:21',''),(399,-34.5784650,-58.5709533,'3025','activo','2026-07-01 23:08:46',''),(400,-34.5788417,-58.5709567,'3025','activo','2026-07-01 23:08:52',''),(401,-34.5791127,-58.5710103,'3025','activo','2026-07-01 23:09:12',''),(402,-34.5791127,-58.5710103,'3025','activo','2026-07-01 23:09:16',''),(403,-34.5804659,-58.5691576,'3025','activo','2026-07-01 23:09:23',''),(404,-34.5804483,-58.5692283,'3025','activo','2026-07-01 23:09:26',''),(405,-34.5806100,-58.5690667,'3025','activo','2026-07-01 23:09:31',''),(406,-34.5806117,-58.5689867,'3025','activo','2026-07-01 23:09:37',''),(407,-34.5806117,-58.5689867,'3025','activo','2026-07-01 23:09:41',''),(408,-34.5810580,-58.5685911,'3025','activo','2026-07-01 23:10:02',''),(409,-34.5810580,-58.5685911,'3025','activo','2026-07-01 23:10:07',''),(410,-34.5824489,-58.5668611,'3025','activo','2026-07-01 23:10:12',''),(411,-34.5824489,-58.5668611,'3025','activo','2026-07-01 23:10:17',''),(412,-34.5824483,-58.5668600,'3025','activo','2026-07-01 23:10:22',''),(413,-34.5824483,-58.5668600,'3025','activo','2026-07-01 23:10:26',''),(414,-34.5815883,-58.5657442,'3025','activo','2026-07-01 23:10:32',''),(415,-34.5815883,-58.5657442,'3025','activo','2026-07-01 23:10:36',''),(416,-34.5815309,-58.5656410,'3025','activo','2026-07-01 23:10:42',''),(417,-34.5815309,-58.5656410,'3025','activo','2026-07-01 23:10:47',''),(418,-34.5809539,-58.5650684,'3025','activo','2026-07-01 23:10:52',''),(419,-34.5809539,-58.5650684,'3025','activo','2026-07-01 23:10:57',''),(420,-34.5805935,-58.5644969,'3025','activo','2026-07-01 23:11:02',''),(421,-34.5805935,-58.5644969,'3025','activo','2026-07-01 23:11:06',''),(422,-34.5800071,-58.5640078,'3025','activo','2026-07-01 23:11:12',''),(423,-34.5800071,-58.5640078,'3025','activo','2026-07-01 23:11:16',''),(424,-34.5796355,-58.5643732,'3025','activo','2026-07-01 23:11:22',''),(425,-34.5796355,-58.5643732,'3025','activo','2026-07-01 23:11:26',''),(426,-34.5795180,-58.5647354,'3025','activo','2026-07-01 23:11:32',''),(427,-34.5795180,-58.5647354,'3025','activo','2026-07-01 23:11:36',''),(428,-34.5795180,-58.5647354,'3025','activo','2026-07-01 23:11:41',''),(429,-34.5795180,-58.5647354,'3025','activo','2026-07-01 23:11:51',''),(430,-34.5794623,-58.5646811,'3025','activo','2026-07-01 23:11:52',''),(431,-34.5794562,-58.5646633,'3025','activo','2026-07-01 23:11:58',''),(432,-34.5794562,-58.5646633,'3025','activo','2026-07-01 23:12:01',''),(433,-34.5793754,-58.5646784,'3025','activo','2026-07-01 23:12:07',''),(434,-34.5793754,-58.5646784,'3025','activo','2026-07-01 23:12:11',''),(435,-34.5796094,-58.5646066,'3025','activo','2026-07-01 23:12:17',''),(436,-34.5796094,-58.5646066,'3025','activo','2026-07-01 23:12:21',''),(437,-34.5796128,-58.5645728,'3025','activo','2026-07-01 23:12:27',''),(438,-34.5796128,-58.5645728,'3025','activo','2026-07-01 23:12:31',''),(439,-34.5796030,-58.5645477,'3025','activo','2026-07-01 23:12:37',''),(440,-34.5796030,-58.5645477,'3025','inactivo','2026-07-01 23:12:41',''),(441,-34.6174764,-58.5046068,'2','activo','2026-07-02 11:33:47',''),(442,-34.6174764,-58.5046068,'2','activo','2026-07-02 11:33:50',''),(443,-34.6176042,-58.5042416,'2','activo','2026-07-02 11:33:56',''),(444,-34.6176042,-58.5042416,'2','activo','2026-07-02 11:34:00',''),(445,-34.6174955,-58.5041181,'2','activo','2026-07-02 11:34:05',''),(446,-34.6173488,-58.5039249,'2','activo','2026-07-02 11:34:11',''),(447,-34.6173488,-58.5039249,'2','activo','2026-07-02 11:34:15',''),(448,-34.6173663,-58.5039105,'2','activo','2026-07-02 11:34:27',''),(449,-34.6173663,-58.5039105,'2','activo','2026-07-02 11:34:27',''),(450,-34.6173663,-58.5039105,'2','activo','2026-07-02 11:34:30',''),(451,-34.6173844,-58.5039861,'2','activo','2026-07-02 11:34:36',''),(452,-34.6173844,-58.5039861,'2','activo','2026-07-02 11:34:40',''),(453,-34.6172666,-58.5037446,'2','activo','2026-07-02 11:34:46',''),(454,-34.6172666,-58.5037446,'2','activo','2026-07-02 11:34:50',''),(455,-34.6172666,-58.5037446,'2','activo','2026-07-02 11:37:40',''),(456,-34.6172666,-58.5037446,'2','activo','2026-07-02 11:37:40',''),(457,-34.6172666,-58.5037446,'2','activo','2026-07-02 11:37:40',''),(458,-34.6172666,-58.5037446,'2','activo','2026-07-02 11:37:40',''),(459,-34.6172666,-58.5037446,'2','activo','2026-07-02 11:37:40',''),(460,-34.6172666,-58.5037446,'2','activo','2026-07-02 11:37:40',''),(461,-34.6172666,-58.5037446,'2','activo','2026-07-02 11:37:40',''),(462,-34.6172666,-58.5037446,'2','activo','2026-07-02 11:37:40',''),(463,-34.6172666,-58.5037446,'2','activo','2026-07-02 11:37:40',''),(464,-34.6195214,-58.5003946,'2','activo','2026-07-02 11:37:40',''),(465,-34.6195214,-58.5003946,'2','activo','2026-07-02 11:37:40',''),(466,-34.6195214,-58.5003946,'2','activo','2026-07-02 11:37:40',''),(467,-34.6195214,-58.5003946,'2','activo','2026-07-02 11:37:40',''),(468,-34.6195214,-58.5003946,'2','activo','2026-07-02 11:37:40',''),(469,-34.6195214,-58.5003946,'2','activo','2026-07-02 11:37:40',''),(470,-34.6195214,-58.5003946,'2','activo','2026-07-02 11:37:41',''),(471,-34.6196660,-58.5002109,'2','inactivo','2026-07-02 11:37:44',''),(472,-34.6215626,-58.4979722,'2','activo','2026-07-02 11:38:22',''),(473,-34.6215626,-58.4979722,'2','activo','2026-07-02 11:38:26',''),(474,-34.6218154,-58.4975548,'2','activo','2026-07-02 11:38:32',''),(475,-34.6218154,-58.4975548,'2','activo','2026-07-02 11:38:36',''),(476,-34.6225008,-58.4968539,'2','activo','2026-07-02 11:38:42',''),(477,-34.6225008,-58.4968539,'2','activo','2026-07-02 11:38:46',''),(478,-34.6228152,-58.4963679,'2','activo','2026-07-02 11:38:51',''),(479,-34.6228950,-58.4963330,'2','activo','2026-07-02 11:38:57',''),(480,-34.6228950,-58.4963330,'2','activo','2026-07-02 11:39:01',''),(481,-34.6228936,-58.4961323,'2','activo','2026-07-02 11:39:06',''),(482,-34.6228936,-58.4961323,'2','activo','2026-07-02 11:39:11',''),(483,-34.6233128,-58.4953018,'2','activo','2026-07-02 11:39:17',''),(484,-34.6233128,-58.4953018,'2','activo','2026-07-02 11:39:21',''),(485,-34.6233128,-58.4953018,'2','activo','2026-07-02 11:39:26',''),(486,-34.6322833,-58.4843133,'2','activo','2026-07-02 11:47:12',''),(487,-34.6322833,-58.4843133,'2','activo','2026-07-02 11:47:12',''),(488,-34.6322833,-58.4843133,'2','activo','2026-07-02 11:47:12',''),(489,-34.6322833,-58.4843133,'2','activo','2026-07-02 11:47:13',''),(490,-34.6322833,-58.4843133,'2','activo','2026-07-02 11:47:13',''),(491,-34.6322833,-58.4843133,'2','activo','2026-07-02 11:47:13',''),(492,-34.6322833,-58.4843133,'2','activo','2026-07-02 11:47:13',''),(493,-34.6322833,-58.4843133,'2','activo','2026-07-02 11:47:13',''),(494,-34.6322833,-58.4843133,'2','activo','2026-07-02 11:47:13',''),(495,-34.6322833,-58.4843133,'2','activo','2026-07-02 11:47:13',''),(496,-34.6322833,-58.4843133,'2','activo','2026-07-02 11:47:13',''),(497,-34.6322833,-58.4843133,'2','activo','2026-07-02 11:47:13',''),(498,-34.6322833,-58.4843133,'2','activo','2026-07-02 11:47:13',''),(499,-34.6322833,-58.4843133,'2','activo','2026-07-02 11:47:13',''),(500,-34.6322833,-58.4843133,'2','activo','2026-07-02 11:47:13',''),(501,-34.6322833,-58.4843133,'2','activo','2026-07-02 11:47:13',''),(502,-34.6322833,-58.4843133,'2','activo','2026-07-02 11:47:13',''),(503,-34.6322833,-58.4843133,'2','activo','2026-07-02 11:47:13',''),(504,-34.6322833,-58.4843133,'2','activo','2026-07-02 11:47:13',''),(505,-34.6322833,-58.4843133,'2','activo','2026-07-02 11:47:13',''),(506,-34.6322833,-58.4843133,'2','activo','2026-07-02 11:47:13',''),(507,-34.6322833,-58.4843133,'2','activo','2026-07-02 11:47:13',''),(508,-34.6322833,-58.4843133,'2','activo','2026-07-02 11:47:13',''),(509,-34.6322833,-58.4843133,'2','activo','2026-07-02 11:47:13',''),(510,-34.6322833,-58.4843133,'2','activo','2026-07-02 11:47:14',''),(511,-34.6322833,-58.4843133,'2','activo','2026-07-02 11:47:14',''),(512,-34.6322833,-58.4843133,'2','activo','2026-07-02 11:47:14',''),(513,-34.6322833,-58.4843133,'2','activo','2026-07-02 11:47:14',''),(514,-34.6322833,-58.4843133,'2','activo','2026-07-02 11:47:14',''),(515,-34.6322833,-58.4843133,'2','activo','2026-07-02 11:47:14',''),(516,-34.6322833,-58.4843133,'2','activo','2026-07-02 11:47:14',''),(517,-34.6322833,-58.4843133,'2','activo','2026-07-02 11:47:14',''),(518,-34.6322833,-58.4843133,'2','activo','2026-07-02 11:47:14',''),(519,-34.6322833,-58.4843133,'2','activo','2026-07-02 11:47:14',''),(520,-34.6322833,-58.4843133,'2','activo','2026-07-02 11:47:14',''),(521,-34.6322833,-58.4843133,'2','activo','2026-07-02 11:47:14',''),(522,-34.6322833,-58.4843133,'2','activo','2026-07-02 11:47:14',''),(523,-34.6322833,-58.4843133,'2','activo','2026-07-02 11:47:14',''),(524,-34.6322833,-58.4843133,'2','activo','2026-07-02 11:47:14',''),(525,-34.6322833,-58.4843133,'2','activo','2026-07-02 11:47:14',''),(526,-34.6322833,-58.4843133,'2','activo','2026-07-02 11:47:14',''),(527,-34.6322833,-58.4843133,'2','activo','2026-07-02 11:47:14',''),(528,-34.6322833,-58.4843133,'2','activo','2026-07-02 11:47:14',''),(529,-34.6322833,-58.4843133,'2','activo','2026-07-02 11:47:14',''),(530,-34.6322833,-58.4843133,'2','activo','2026-07-02 11:47:14',''),(531,-34.6322833,-58.4843133,'2','activo','2026-07-02 11:47:14',''),(532,-34.6322833,-58.4843133,'2','activo','2026-07-02 11:47:14',''),(533,-34.6328198,-58.4834795,'2','activo','2026-07-02 11:47:16',''),(534,-34.6329467,-58.4836567,'2','activo','2026-07-02 11:47:20',''),(535,-34.6329183,-58.4836233,'2','activo','2026-07-02 11:47:43',''),(536,-34.6329183,-58.4836233,'2','activo','2026-07-02 11:47:43',''),(537,-34.6329183,-58.4836233,'2','activo','2026-07-02 11:47:43',''),(538,-34.6329183,-58.4836233,'2','activo','2026-07-02 11:47:43',''),(539,-34.6331037,-58.4834567,'2','activo','2026-07-02 11:47:49',''),(540,-34.6331037,-58.4834567,'2','activo','2026-07-02 11:47:51',''),(541,-34.6329148,-58.4833944,'2','activo','2026-07-02 11:47:56',''),(542,-34.6329148,-58.4833944,'2','activo','2026-07-02 11:48:01',''),(543,-34.6325851,-58.4832933,'2','activo','2026-07-02 11:48:06',''),(544,-34.6325851,-58.4832933,'2','activo','2026-07-02 11:48:11',''),(545,-34.6330036,-58.4833840,'2','activo','2026-07-02 11:48:16',''),(546,-34.6330036,-58.4833840,'2','activo','2026-07-02 11:48:21',''),(547,-34.6329077,-58.4833811,'2','activo','2026-07-02 11:48:26',''),(548,-34.6329077,-58.4833811,'2','activo','2026-07-02 11:48:31',''),(549,-34.6329133,-58.4833778,'2','activo','2026-07-02 11:48:36',''),(550,-34.6329133,-58.4833778,'2','activo','2026-07-02 11:48:41',''),(551,-34.6329133,-58.4833778,'2','activo','2026-07-02 11:51:42',''),(552,-34.6329133,-58.4833778,'2','activo','2026-07-02 11:51:42',''),(553,-34.6329133,-58.4833778,'2','activo','2026-07-02 11:51:42',''),(554,-34.6329133,-58.4833778,'2','activo','2026-07-02 11:51:42',''),(555,-34.6329133,-58.4833778,'2','activo','2026-07-02 11:51:42',''),(556,-34.6329133,-58.4833778,'2','activo','2026-07-02 11:51:42',''),(557,-34.6375590,-58.4821226,'2','activo','2026-07-02 11:51:43',''),(558,-34.6375590,-58.4821226,'2','activo','2026-07-02 11:51:48',''),(559,-34.6395400,-58.4821900,'2','activo','2026-07-02 11:56:19',''),(560,-34.6395400,-58.4821900,'2','activo','2026-07-02 11:56:19',''),(561,-34.6395400,-58.4821900,'2','activo','2026-07-02 11:56:19',''),(562,-34.6395400,-58.4821900,'2','activo','2026-07-02 11:56:19',''),(563,-34.6395400,-58.4821900,'2','activo','2026-07-02 11:56:19',''),(564,-34.6395400,-58.4821900,'2','activo','2026-07-02 11:56:19',''),(565,-34.6395400,-58.4821900,'2','activo','2026-07-02 11:56:19',''),(566,-34.6395400,-58.4821900,'2','activo','2026-07-02 11:56:19',''),(567,-34.6395400,-58.4821900,'2','activo','2026-07-02 11:56:20',''),(568,-34.6395400,-58.4821900,'2','activo','2026-07-02 11:56:20',''),(569,-34.6395400,-58.4821900,'2','activo','2026-07-02 11:56:20',''),(570,-34.6395400,-58.4821900,'2','activo','2026-07-02 11:56:20',''),(571,-34.6395400,-58.4821900,'2','activo','2026-07-02 11:56:20',''),(572,-34.6395400,-58.4821900,'2','activo','2026-07-02 11:56:20',''),(573,-34.6395400,-58.4821900,'2','activo','2026-07-02 11:56:20',''),(574,-34.6395400,-58.4821900,'2','activo','2026-07-02 11:56:20',''),(575,-34.6395400,-58.4821900,'2','activo','2026-07-02 11:56:20',''),(576,-34.6395400,-58.4821900,'2','activo','2026-07-02 11:56:20',''),(577,-34.6395400,-58.4821900,'2','activo','2026-07-02 11:56:20',''),(578,-34.6395400,-58.4821900,'2','activo','2026-07-02 11:56:20',''),(579,-34.6395400,-58.4821900,'2','activo','2026-07-02 11:56:20',''),(580,-34.6395400,-58.4821900,'2','activo','2026-07-02 11:56:20',''),(581,-34.6395400,-58.4821900,'2','activo','2026-07-02 11:56:20',''),(582,-34.6395400,-58.4821900,'2','activo','2026-07-02 11:56:20',''),(583,-34.6395400,-58.4821900,'2','activo','2026-07-02 11:56:20',''),(584,-34.6395400,-58.4821900,'2','activo','2026-07-02 11:56:20',''),(585,-34.6395400,-58.4821900,'2','activo','2026-07-02 11:56:21',''),(586,-34.6395400,-58.4821900,'2','activo','2026-07-02 11:56:21',''),(587,-34.6395400,-58.4821900,'2','activo','2026-07-02 11:56:21',''),(588,-34.6395400,-58.4821900,'2','activo','2026-07-02 11:56:21',''),(589,-34.6395400,-58.4821900,'2','activo','2026-07-02 11:56:21',''),(590,-34.6395400,-58.4821900,'2','activo','2026-07-02 11:56:21',''),(591,-34.6395400,-58.4821900,'2','activo','2026-07-02 11:56:21',''),(592,-34.6495400,-58.4851900,'7','activo','2026-07-02 11:56:21',''),(593,-34.6395400,-58.4821900,'2','activo','2026-07-02 11:56:21',''),(594,-34.6395400,-58.4821900,'2','activo','2026-07-02 11:56:21',''),(595,-34.6395400,-58.4821900,'2','activo','2026-07-02 11:56:21',''),(596,-34.6395400,-58.4821900,'2','activo','2026-07-02 11:56:21',''),(597,-34.6395400,-58.4821900,'2','activo','2026-07-02 11:56:21',''),(598,-34.6395400,-58.4821900,'2','activo','2026-07-02 11:56:21',''),(599,-34.6395400,-58.4821900,'2','activo','2026-07-02 11:56:21',''),(600,-34.6395400,-58.4821900,'2','activo','2026-07-02 11:56:21',''),(601,-34.6395400,-58.4821900,'2','activo','2026-07-02 11:56:21',''),(602,-34.6395400,-58.4821900,'2','activo','2026-07-02 11:56:21',''),(603,-34.6395400,-58.4821900,'2','activo','2026-07-02 11:56:21',''),(604,-34.6395400,-58.4821900,'2','activo','2026-07-02 11:56:21',''),(605,-34.6395400,-58.4821900,'2','activo','2026-07-02 11:56:21',''),(606,-34.6395400,-58.4821900,'2','activo','2026-07-02 11:56:21',''),(607,-34.6395400,-58.4821900,'2','activo','2026-07-02 11:56:21',''),(608,-34.6395400,-58.4821900,'327','activo','2026-07-02 11:56:21',''),(609,-34.6395400,-58.4821900,'2','activo','2026-07-02 11:56:21',''),(610,-34.6395400,-58.4821900,'2','activo','2026-07-02 11:56:21',''),(611,-34.6395400,-58.4821900,'2','activo','2026-07-02 11:56:21',''),(612,-34.6395400,-58.4821900,'2','activo','2026-07-02 11:56:21',''),(613,-34.6447228,-58.4756411,'2','inactivo','2026-07-02 11:56:21',''),(614,-34.6472257,-58.4580882,'3033','activo','2026-07-20 14:03:22',''),(615,-34.6472257,-58.4580882,'3033','activo','2026-07-20 14:03:25',''),(616,-34.6472295,-58.4580830,'3033','activo','2026-07-20 14:03:32',''),(617,-34.5472295,-58.5580830,'3033','inactivo','2026-07-20 14:03:35',''),(618,-34.6472218,-58.4580933,'3031','activo','2026-07-20 14:05:48',''),(619,-34.6472218,-58.4580933,'3031','inactivo','2026-07-20 14:05:51','');
/*!40000 ALTER TABLE `ubicaciones` ENABLE KEYS */;
UNLOCK TABLES;

--
-- Table structure for table `usuarios`
--

DROP TABLE IF EXISTS `usuarios`;
/*!40101 SET @saved_cs_client     = @@character_set_client */;
/*!40101 SET character_set_client = utf8 */;
CREATE TABLE `usuarios` (
  `id` int(4) NOT NULL AUTO_INCREMENT,
  `nombre` varchar(50) NOT NULL,
  `telefono` int(10) NOT NULL,
  `email` varchar(50) NOT NULL,
  `password` varchar(100) NOT NULL,
  `permisos` varchar(15) NOT NULL,
  `estado` varchar(15) NOT NULL,
  `nom_apellido` varchar(50) NOT NULL,
  PRIMARY KEY (`id`)
) ENGINE=InnoDB AUTO_INCREMENT=4 DEFAULT CHARSET=utf8mb4;
/*!40101 SET character_set_client = @saved_cs_client */;

--
-- Dumping data for table `usuarios`
--

LOCK TABLES `usuarios` WRITE;
/*!40000 ALTER TABLE `usuarios` DISABLE KEYS */;
INSERT INTO `usuarios` VALUES (1,'fabian',1169356236,'laboratorio.fabian@gmail.com','$2y$10$9Y7tFQpxkwpYwzSulzEaju0/jbKU4lS2yx3Rv5.PWkY075nv2rikC','0','activo','Fabian Nogueroles'),(2,'lucas',1144444444,'lucas.nogueroles@gmail.com','$2y$10$nNHgf9izB3i1z1vUbvhBKe6C94mJVFFx5HUXNGdnIDNuUkCdXOQRG','3','activo','Lucas Nogueroles'),(3,'jorge',1156892356,'Jorge@gmail.com','$2y$10$AgC9SwZ2ikTJI8T6NtIQpetjz3oWLh8kvVIKvtv3N4T2hxFRdk6tO','2','suspendido','JORGE MACELLO');
/*!40000 ALTER TABLE `usuarios` ENABLE KEYS */;
UNLOCK TABLES;

--
-- Table structure for table `vehiculos`
--

DROP TABLE IF EXISTS `vehiculos`;
/*!40101 SET @saved_cs_client     = @@character_set_client */;
/*!40101 SET character_set_client = utf8 */;
CREATE TABLE `vehiculos` (
  `id` int(11) NOT NULL AUTO_INCREMENT,
  `categoria` varchar(15) NOT NULL,
  `marca` varchar(50) NOT NULL,
  `modelo` varchar(50) NOT NULL,
  `patente` varchar(20) DEFAULT NULL,
  `estado` varchar(20) NOT NULL,
  `color` varchar(20) NOT NULL,
  `tipo` varchar(20) NOT NULL,
  `id_chofer` int(4) DEFAULT NULL,
  PRIMARY KEY (`id`)
) ENGINE=InnoDB AUTO_INCREMENT=16 DEFAULT CHARSET=utf8mb4;
/*!40101 SET character_set_client = @saved_cs_client */;

--
-- Dumping data for table `vehiculos`
--

LOCK TABLES `vehiculos` WRITE;
/*!40000 ALTER TABLE `vehiculos` DISABLE KEYS */;
INSERT INTO `vehiculos` VALUES (1,'REMIS','TOYOTA','COROLLA','NZW952','disponible','NEGRO','SEDAN',NULL),(2,'REMIS','FIAT','CRONOS','AA456GG','con_chofer','BLANCO','SEDAN',6),(3,'REMIS','FIAT','CRONOS','AF795AV','taller','GRIS PLATA','SEDAN',NULL),(4,'REMIS','TOYOTA','COROLLA','AG381TG','disponible','GRIS PLATA','SEDAN',NULL),(5,'TAXI','CHEVROLET','SPIN','PNU638','disponible','NEGRO/AMARILLO','VAN',NULL),(6,'REMIS','TOYOTA','COROLLA','AG802YB','disponible','CRIS OSCURO','SEDAN',NULL),(7,'REMIS','FIAT','CRONOS','AF828AS','con_chofer','BLANCO','SEDAN',7),(8,'REMIS','FIAT','CRONOS','AF795AS','disponible','CRIS PLATA','SEDAN',NULL),(11,'REMIS','TOYOTA','COROLLA HIBRIDO','AG802WX','disponible','BLANCO','SEDAN',NULL),(12,'TAXI','FIAT','CRONOS','AG866II','disponible','NEGRO/AMARILLO','VAN',5),(13,'REMIS','CHEVROLET','SPIN','NDC833','con_chofer','BLANCO','VAN',9),(14,'REMIS','CHEVROLET','SPIN','NHQ762','disponible','GRIS PLATA','VAN',NULL),(15,'TAXI','FIAT','CRONOS','AG866IF','con_chofer','NEGRO/AMARILLO','SEDAN',2);
/*!40000 ALTER TABLE `vehiculos` ENABLE KEYS */;
UNLOCK TABLES;

--
-- Table structure for table `viajes_despacho`
--

DROP TABLE IF EXISTS `viajes_despacho`;
/*!40101 SET @saved_cs_client     = @@character_set_client */;
/*!40101 SET character_set_client = utf8 */;
CREATE TABLE `viajes_despacho` (
  `id` int(20) NOT NULL AUTO_INCREMENT,
  `cel_pasaj` int(10) NOT NULL,
  `nombre_pasaj` varchar(50) NOT NULL,
  `direccion_origen` varchar(70) NOT NULL,
  `direccion_destino` varchar(70) NOT NULL,
  `obs_operador` varchar(500) NOT NULL,
  `obs_pasaj` varchar(500) NOT NULL,
  `estado` varchar(15) NOT NULL,
  `diferido` varchar(20) NOT NULL,
  `fecha` date DEFAULT NULL,
  `hora` varchar(11) DEFAULT NULL,
  `categoria_movil` varchar(15) NOT NULL,
  `origen_lat` decimal(10,8) DEFAULT NULL,
  `origen_lng` decimal(11,8) DEFAULT NULL,
  `destino_lat` decimal(10,8) DEFAULT NULL,
  `destino_lng` decimal(11,8) DEFAULT NULL,
  `cc` int(4) DEFAULT NULL,
  `centro_de_costo` int(4) DEFAULT NULL,
  `id_autorizante` int(11) DEFAULT NULL,
  `obs_viaje` varchar(255) NOT NULL,
  `id_chofer` int(4) NOT NULL,
  PRIMARY KEY (`id`)
) ENGINE=InnoDB AUTO_INCREMENT=54 DEFAULT CHARSET=utf8mb4;
/*!40101 SET character_set_client = @saved_cs_client */;

--
-- Dumping data for table `viajes_despacho`
--

LOCK TABLES `viajes_despacho` WRITE;
/*!40000 ALTER TABLE `viajes_despacho` DISABLE KEYS */;
INSERT INTO `viajes_despacho` VALUES (45,1125895698,'Paco Jerte','Camacua 2000, caba','','ggg','ddd','Cancelado','','2026-07-15','17:31','REMIS',-34.62931130,-58.45795720,NULL,NULL,0,0,NULL,'qq',0),(46,1125895698,'Robert Fripp','French 2500, caba','','ggg','gggg','Pendiente','','2026-07-15','18:44','TAXI',-34.59035210,-58.40024590,NULL,NULL,0,0,NULL,'',0),(48,1125895698,'ESTEVEZ EMILIANO','Laprida 4490, Villa Martelli','','ddd','sss','Inmediato','','2026-07-15','18:00','UTILITARIO',-34.55154940,-58.51190860,NULL,NULL,4,0,NULL,'',0),(50,2147483647,'LIBERMAN MARIO - ADMINISTRACION-DOCUMENTOS','Aranguren 450, caba','','asd','zxc','Inmediato','','2026-07-15','18:05','VAN',-34.61241300,-58.43735780,NULL,NULL,5,0,NULL,'',0),(51,1125895698,'Pascualito Peres','Camacua 2000, caba','','','','Pendiente','','2026-07-15','18:20','REMIS',-34.62931130,-58.45795720,NULL,NULL,0,0,NULL,'',0),(52,1125895698,'CARNAU MAZZEI SABRINA','Sanabria 1979, caba','Garcia del rio 1250, caba','','','Pendiente','','2026-07-15','18:15','REMIS',-34.61847620,-58.50530700,-34.55175860,-58.47860080,4,0,NULL,'',0);
/*!40000 ALTER TABLE `viajes_despacho` ENABLE KEYS */;
UNLOCK TABLES;
/*!40103 SET TIME_ZONE=@OLD_TIME_ZONE */;

/*!40101 SET SQL_MODE=@OLD_SQL_MODE */;
/*!40014 SET FOREIGN_KEY_CHECKS=@OLD_FOREIGN_KEY_CHECKS */;
/*!40014 SET UNIQUE_CHECKS=@OLD_UNIQUE_CHECKS */;
/*!40101 SET CHARACTER_SET_CLIENT=@OLD_CHARACTER_SET_CLIENT */;
/*!40101 SET CHARACTER_SET_RESULTS=@OLD_CHARACTER_SET_RESULTS */;
/*!40101 SET COLLATION_CONNECTION=@OLD_COLLATION_CONNECTION */;
/*!40111 SET SQL_NOTES=@OLD_SQL_NOTES */;

-- Dump completed on 2026-07-20 15:30:24
